formula,E_B,alphax_el,alphay_el,alphaz_el,plasmafrequency_x,gap,gap_gw,gap_hse,emass_cbm,emass_vbm,alphax_lat,thickness,area,natoms,nspecies,dipz,ehull,hform,is_magnetic,layergroup
Tl2Br2,1.307,1.140,1.140,0.219,0.000,2.413,,3.214,1.129,0.954,,2.079,38.079,4,2,-0.000,0.115,-0.764,No,p4/nmm
As4,0.566,6.357,7.486,0.378,0.000,0.835,1.797,1.324,0.501,0.182,0.000,2.399,17.592,4,1,-0.000,0.042,0.042,No,pman
C2F2,1.940,0.942,0.942,0.270,0.000,3.165,7.198,4.909,0.509,0.979,0.159,3.243,5.835,4,2,-0.000,0.285,-0.912,No,p-3m1
H2C2,1.387,0.901,0.901,0.252,0.000,3.460,6.416,4.421,1.027,0.615,0.000,2.679,5.583,4,2,0.000,0.004,-0.134,No,p-3m1
P4,0.624,6.055,4.533,0.343,0.000,0.903,2.025,1.511,0.408,1.035,0.232,2.110,15.312,4,1,0.000,0.039,0.039,No,pman
TiBr2,0.591,7.814,7.814,0.385,0.000,0.758,1.421,1.166,1.679,0.588,0.021,3.388,10.440,3,2,-0.000,0.033,-1.145,No,p-6m2
TiCl2,0.826,6.560,6.560,0.342,0.000,0.903,1.636,1.395,1.992,0.610,0.076,3.172,9.312,3,2,-0.000,0.007,-1.537,No,p-6m2
TiI2,0.444,10.021,10.021,0.442,0.000,0.596,1.090,0.828,1.235,0.492,0.024,3.629,12.302,3,2,-0.000,0.052,-0.670,No,p-6m2
TiO2,1.536,1.987,1.987,0.214,0.000,2.701,5.752,5.218,1.339,2.065,,1.936,7.762,3,2,-0.000,0.135,-2.945,No,p-3m1
Cs2Cl2,1.829,0.407,0.407,0.162,0.000,4.460,,5.654,0.701,1.604,0.962,1.033,45.420,4,2,-0.000,0.141,-1.853,No,p4/nmm
TiO2,1.807,1.986,1.986,0.238,0.000,1.195,3.915,3.447,1.459,3.211,,2.258,7.217,3,2,0.000,0.587,-2.493,No,p-6m2
Cu2Cl2,1.581,1.439,1.439,0.325,0.000,1.447,3.448,3.657,0.531,3.471,,3.003,14.277,4,2,-0.000,0.080,-0.371,No,p4/nmm
TiS2,0.977,5.099,5.099,0.366,0.000,0.734,2.208,2.015,1.321,1.330,,3.020,9.689,3,2,-0.000,0.145,-1.164,No,p-6m2
TiSe2,0.716,7.311,7.311,0.404,0.000,0.522,1.481,1.460,0.972,1.530,3.809,3.240,10.580,3,2,-0.000,0.126,-1.005,No,p-6m2
In2Cl2,1.799,1.225,1.225,0.196,0.000,2.298,,2.997,1.068,0.365,,1.230,36.513,4,2,-0.000,0.133,-0.709,No,p4/nmm
K2Cl2,2.573,0.337,0.337,0.154,0.000,4.882,,6.136,0.681,11.909,0.646,1.124,36.401,4,2,-0.000,0.147,-1.836,No,p4/nmm
VBr2,3.292,1.844,1.844,0.331,0.000,1.252,3.350,3.665,1.064,7.624,0.735,2.897,12.773,3,2,-0.000,0.000,-0.863,Yes,p-3m1
VCl2,3.827,1.454,1.454,0.287,0.000,1.354,3.459,3.894,1.321,8.292,0.776,2.662,11.600,3,2,0.000,0.000,-1.174,Yes,p-3m1
VI2,2.566,2.558,2.558,0.386,0.000,1.202,,3.395,0.854,4.394,,3.135,14.743,3,2,-0.000,0.000,-0.490,Yes,p-3m1
Rb2Cl2,2.318,0.354,0.354,0.155,0.000,4.651,,5.891,0.660,17.955,0.747,1.119,40.511,4,2,0.000,0.146,-1.823,No,p4/nmm
VSe2,0.484,9.421,9.421,0.402,0.000,0.248,0.179,0.977,0.862,0.866,0.108,3.204,9.681,3,2,0.000,0.000,-0.708,Yes,p-6m2
VTe2,0.415,15.103,15.103,0.458,0.000,0.212,4.001,0.854,0.616,1.744,0.053,3.505,11.213,3,2,-0.000,0.016,-0.307,Yes,p-6m2
WO2,0.748,3.469,3.469,0.245,0.000,1.340,2.706,2.097,0.348,0.761,0.959,2.474,6.956,3,2,-0.000,0.000,-2.017,No,p-6m2
WS2,0.516,5.577,5.577,0.373,0.000,1.534,2.532,2.055,0.373,0.656,0.027,3.146,8.790,3,2,-0.000,0.000,-0.874,No,p-6m2
WSe2,0.480,6.590,6.590,0.412,0.000,1.238,2.104,1.730,0.353,0.397,0.132,3.359,9.540,3,2,0.000,0.000,-0.594,No,p-6m2
WTe2,0.420,8.859,8.859,0.467,0.000,0.727,1.377,1.141,0.450,0.288,0.619,3.624,10.915,3,2,-0.000,0.026,-0.109,No,p-6m2
YBr2,0.536,3.141,3.141,0.388,0.000,0.344,1.574,0.901,1.850,1.232,1.257,3.721,12.947,3,2,0.000,0.016,-1.729,Yes,p-6m2
YCl2,0.673,2.614,2.614,0.338,0.000,0.374,1.852,0.999,2.255,1.911,1.467,3.435,12.048,3,2,0.000,0.046,-2.048,Yes,p-6m2
YI2,0.349,4.160,4.160,0.451,0.000,0.142,,0.544,1.391,2.321,0.752,4.038,14.591,3,2,-0.000,0.003,-1.305,Yes,p-6m2
ZnBr2,1.444,1.639,1.639,0.348,0.000,3.353,5.864,4.563,0.569,0.781,5.852,2.965,12.493,3,2,0.000,0.080,-0.843,No,p-3m1
ZnBr2,1.124,1.797,1.797,0.378,0.000,2.411,4.742,3.449,0.316,0.644,,3.291,11.797,3,2,0.000,0.249,-0.674,No,p-6m2
ZnCl2,1.991,1.190,1.190,0.302,0.000,4.453,7.439,5.929,0.449,1.306,4.077,2.735,11.217,3,2,0.000,0.062,-1.107,No,p-3m1
ZnCl2,1.635,1.318,1.318,0.332,0.000,3.434,6.241,4.718,0.418,0.978,,3.060,10.488,3,2,0.000,0.236,-0.933,No,p-6m2
Cr2O2,0.035,11.593,11.239,1.930,7.371,0.000,,,,,,2.383,10.359,4,2,0.000,0.756,-0.875,Yes,p4/nmm
ZnI2,0.961,2.476,2.476,0.409,0.000,1.749,3.584,2.595,0.441,0.461,,3.255,14.557,3,2,0.000,0.124,-0.491,No,p-3m1
ZnI2,0.947,2.692,2.692,0.442,0.000,0.898,2.668,1.644,0.448,0.423,,3.605,13.931,3,2,0.000,0.305,-0.311,No,p-6m2
ZrBr2,0.827,5.871,5.871,0.403,0.000,0.828,1.737,1.276,0.890,0.411,0.111,3.652,10.990,3,2,0.000,0.000,-1.339,No,p-6m2
Cs2F2,2.090,0.338,0.338,0.142,0.000,4.151,,6.059,0.843,1.185,,0.640,33.331,4,2,-0.000,0.121,-2.599,No,p4/nmm
ZrCl2,0.909,5.127,5.127,0.356,0.000,0.981,1.993,1.500,1.007,0.431,0.213,3.416,10.071,3,2,0.000,0.000,-1.705,No,p-6m2
Cu2I2,0.916,2.253,2.253,0.421,0.000,1.865,3.504,3.552,0.305,0.585,,3.441,16.933,4,2,0.000,0.008,-0.158,No,p4/nmm
ZrI2,0.644,7.220,7.220,0.460,0.000,0.687,1.428,1.038,0.808,0.326,0.000,3.878,12.697,3,2,-0.000,0.029,-0.881,No,p-6m2
Cu2S2,0.949,6.341,2.874,0.292,0.000,0.624,1.584,1.311,0.805,2.369,0.402,2.357,18.144,4,2,0.000,0.127,-0.086,No,p2/m11
ZrO2,2.104,1.402,1.402,0.215,0.000,4.448,7.722,6.508,1.384,1.914,10.745,1.923,9.254,3,2,-0.000,0.217,-3.299,No,p-3m1
ZrO2,2.028,1.649,1.649,0.242,0.000,1.690,4.435,3.561,1.483,4.088,,2.325,8.522,3,2,0.000,0.766,-2.749,No,p-6m2
ZrS2,0.633,4.207,4.207,0.345,0.000,1.159,2.885,2.167,0.755,0.340,19.209,2.892,11.743,3,2,0.000,0.000,-1.585,No,p-3m1
ZrS2,1.184,3.527,3.527,0.371,0.000,0.965,2.748,2.023,1.651,1.340,,3.140,11.046,3,2,-0.000,0.190,-1.396,No,p-6m2
Cu2Se2,0.859,8.171,2.760,0.343,0.000,0.447,,1.116,0.814,0.626,0.329,2.770,18.266,4,2,0.000,0.101,-0.040,No,p2/m11
ZrSe2,0.381,6.558,6.558,0.385,0.000,0.337,1.691,1.202,0.612,0.198,31.217,3.161,12.471,3,2,0.000,0.000,-1.367,No,p-3m1
ZrSe2,0.919,4.844,4.844,0.408,0.000,0.739,2.183,1.684,0.931,0.998,,3.373,11.867,3,2,-0.000,0.144,-1.223,No,p-6m2
ZrTe2,0.422,9.954,9.954,0.467,0.000,0.259,0.906,0.836,0.536,1.073,5.250,3.723,13.325,3,2,-0.000,0.110,-0.787,No,p-6m2
Ge2F2,-0.024,7.313,7.313,0.260,0.000,0.118,0.350,0.380,0.028,1.920,3711.281,4.155,15.645,4,2,-0.000,0.159,-1.467,No,p-3m1
K2F2,2.386,0.228,0.228,0.115,0.000,4.964,,7.022,0.861,2.895,,0.630,26.133,4,2,0.000,0.147,-2.657,No,p4/nmm
Rb2F2,2.344,0.262,0.262,0.124,0.000,4.557,,6.553,0.818,1.835,,0.668,29.443,4,2,0.000,0.135,-2.599,No,p4/nmm
Si2F2,0.727,3.205,3.205,0.251,0.000,0.666,2.333,1.492,0.239,0.215,0.260,3.989,13.473,4,2,0.000,0.181,-1.767,No,p-3m1
Sn2F2,0.328,21.540,21.540,0.264,0.278,0.316,,0.296,0.148,1.831,43.256,4.470,21.321,4,2,0.000,0.304,-1.460,No,p-3m1
Cd2S4,1.589,1.771,2.143,0.245,0.000,1.520,,2.378,4.926,0.659,3.711,1.561,35.158,6,2,0.000,0.292,-0.152,No,p2_1/b11
Ga2I2,1.345,1.824,1.824,0.265,0.000,1.786,,2.399,2.147,0.859,,2.357,35.962,4,2,-0.000,0.115,-0.253,No,p4/nmm
Ga2O2,1.288,2.196,2.196,0.390,0.000,1.556,3.851,2.472,0.334,4.089,1.721,4.012,8.500,4,2,-0.000,0.060,-1.450,No,p-6m2
Ga2S2,0.873,3.345,3.345,0.491,0.000,2.321,4.084,3.197,0.233,3.762,2.074,4.667,11.508,4,2,0.000,0.000,-0.664,No,p-6m2
Ga2Se2,0.636,4.189,4.189,0.525,0.000,1.765,3.445,2.506,0.171,2.877,2.143,4.830,12.667,4,2,0.000,0.000,-0.601,No,p-6m2
Ga2Te2,0.454,5.548,5.548,0.571,0.000,1.297,2.617,1.862,0.010,1.687,1.906,5.020,14.773,4,2,0.000,0.002,-0.372,No,p-6m2
Ge2H2,0.385,2.829,2.829,0.283,0.000,0.920,2.353,1.488,0.074,0.099,0.713,3.862,14.392,4,2,-0.000,0.082,0.082,No,p-3m1
Ge2S2,0.944,3.782,3.750,0.365,0.000,1.714,3.030,2.372,0.328,0.510,2.660,2.564,16.368,4,2,-0.000,0.036,-0.246,No,pm2_1n
Ge2Se2,0.436,8.059,8.909,0.384,0.000,1.121,1.861,1.559,0.174,0.169,6.655,2.605,16.981,4,2,-0.000,0.063,-0.205,No,pm2_1n
Ge2Te2,0.464,15.568,18.472,0.426,0.000,0.815,1.286,1.103,0.112,0.087,14.680,3.036,18.508,4,2,-0.000,0.060,-0.039,No,pm2_1n
Si2H2,0.723,1.963,1.963,0.272,0.000,2.171,3.833,2.862,0.650,0.256,,3.725,13.141,4,2,-0.000,0.005,0.005,No,p-3m1
Sn2H2,0.288,7.294,7.294,0.301,0.000,0.236,1.043,0.685,0.029,0.034,,4.293,19.178,4,2,0.000,0.171,0.171,No,p-3m1
Mo2S4,0.427,55.571,54.068,0.211,0.000,0.133,,0.006,0.042,0.198,3.755,0.000,36.509,6,2,-0.000,1.022,0.101,Yes,p4/mbm
Ni2S4,1.130,4.711,4.530,0.238,0.000,0.824,,2.231,0.910,2.070,0.507,1.160,27.900,6,2,-0.000,0.035,-0.265,No,p2_1/b11
Ni2Se4,0.881,5.607,5.833,0.265,0.000,1.015,,2.183,1.911,2.088,0.824,1.375,31.424,6,2,0.000,0.067,-0.191,No,p2_1/b11
In2I2,1.197,1.772,1.772,0.255,0.000,1.787,,2.347,1.178,0.012,,2.249,41.404,4,2,-0.000,0.125,-0.363,No,p4/nmm
K2I2,1.709,0.503,0.503,0.211,0.000,3.885,,4.784,0.516,33.182,0.711,1.887,44.466,4,2,0.000,0.134,-1.385,No,p4/nmm
Pb2Se4,0.629,,,,0.000,0.728,,1.454,inf,0.404,,2.244,37.929,6,2,-0.000,0.162,-0.226,No,c2/m11
Pd2S4,1.113,3.904,3.915,0.238,0.000,1.120,,2.015,0.828,2.622,0.289,1.273,30.612,6,2,0.000,0.002,-0.294,No,p2_1/b11
Pd2Se4,0.891,4.292,4.660,0.264,0.000,1.313,,2.048,4.348,1.102,0.462,1.487,34.042,6,2,0.000,0.004,-0.287,No,p2_1/b11
Rb2I2,1.629,0.503,0.503,0.205,0.000,3.714,,4.613,0.510,28.903,0.775,1.794,49.467,4,2,-0.000,0.137,-1.397,No,p4/nmm
Pt2S4,0.986,3.395,3.330,0.244,0.000,1.802,,2.787,1.033,0.881,0.206,1.285,30.425,6,2,-0.000,0.050,-0.345,No,p2_1/b11
Pt2Se4,0.837,3.945,4.119,0.269,0.000,1.441,,2.297,0.700,0.918,0.345,1.503,33.867,6,2,-0.000,0.103,-0.310,No,p2_1/b11
Tl2I2,1.193,1.394,1.394,0.268,0.000,2.063,,2.762,0.944,0.512,,2.644,40.485,4,2,-0.000,0.115,-0.562,No,p4/nmm
In2O2,1.063,2.930,2.930,0.434,0.000,0.385,1.867,0.920,0.320,1.966,2.255,4.432,10.250,4,2,0.000,0.208,-1.140,No,p-6m2
In2S2,0.849,3.518,3.518,0.526,0.000,1.675,3.149,2.431,0.256,5.127,2.434,5.174,13.271,4,2,0.000,0.000,-0.556,No,p-6m2
In2Se2,0.667,4.235,4.235,0.561,0.000,1.404,2.740,2.055,0.196,5.114,2.500,5.367,14.376,4,2,0.000,0.000,-0.538,No,p-6m2
In2Te2,0.472,5.356,5.356,0.607,0.000,1.233,2.362,1.812,0.160,2.383,2.319,5.574,16.537,4,2,0.000,0.000,-0.350,No,p-6m2
Ir2O2,0.339,73.774,73.774,0.438,1.229,0.122,0.234,0.230,0.262,1.677,,4.814,7.250,4,2,-0.000,0.510,-0.162,No,p-6m2
Ir2S2,0.359,52.113,52.113,0.554,0.000,0.297,0.108,0.713,0.074,0.098,,5.185,9.069,4,2,0.000,0.305,-0.047,No,p-6m2
Zn2S4,1.803,1.835,2.196,0.238,0.000,1.693,,2.719,1.146,0.559,5.824,1.403,32.018,6,2,-0.000,0.361,-0.192,No,p2_1/b11
Zn2Se4,1.467,2.533,3.099,0.278,0.000,1.382,,2.214,0.998,1.131,,1.770,34.410,6,2,-0.000,0.316,-0.163,No,p2_1/b11
CrBiAs,0.269,81.943,81.943,1.028,0.376,0.028,,,0.284,0.063,,3.580,9.431,3,3,-0.038,0.461,0.314,No,p3m1
Pb2O2,0.601,4.190,4.187,0.209,0.000,0.242,,1.090,0.570,0.174,,0.924,23.638,4,2,0.000,0.506,-0.657,No,p4/nmm
AsSBr,0.803,5.175,5.175,0.384,0.000,1.387,2.514,2.037,inf,0.701,29.270,3.141,11.968,3,3,0.009,0.028,-0.256,No,p3m1
AsSBr,0.742,5.028,5.028,0.411,0.000,1.417,2.511,2.077,0.790,0.473,,3.409,11.383,3,3,0.039,0.195,-0.088,No,p3m1
AsSeBr,0.717,5.813,5.813,0.400,0.000,1.228,2.274,1.839,5.608,0.737,21.791,3.226,12.611,3,3,0.044,0.000,-0.294,No,p3m1
Rh2O2,0.279,131.398,131.398,0.455,0.000,0.067,,0.062,0.191,0.125,,4.743,7.264,4,2,-0.000,0.246,-0.381,No,p-6m2
AsTeBr,0.585,6.709,6.709,0.420,0.000,1.237,2.227,1.839,0.873,0.938,19.461,3.309,13.734,3,3,0.089,0.000,-0.245,No,p3m1
AsTeBr,0.527,7.009,7.009,0.454,0.000,1.064,1.963,1.662,0.584,0.445,166.123,3.630,12.955,3,3,0.123,0.163,-0.082,No,p3m1
AsSeBr,0.665,5.747,5.747,0.429,0.000,1.497,2.503,2.099,inf,0.406,21.958,3.506,11.959,3,3,0.074,0.161,-0.134,No,p3m1
AsSCl,0.947,4.303,4.303,0.360,0.000,1.535,2.794,2.258,inf,0.831,29.466,3.018,11.540,3,3,0.042,0.047,-0.352,No,p3m1
AsSCl,1.009,4.301,4.301,0.386,0.000,1.731,2.933,2.443,1.021,0.560,,3.281,10.971,3,3,0.073,0.215,-0.184,No,p3m1
AsSeCl,0.791,4.894,4.894,0.374,0.000,1.373,2.561,2.060,3.212,0.820,24.942,3.087,12.220,3,3,0.076,0.005,-0.382,No,p3m1
AsSeCl,0.817,4.973,4.973,0.403,0.000,1.717,2.824,2.371,0.713,0.511,,3.368,11.584,3,3,0.109,0.172,-0.215,No,p3m1
AsTeCl,0.492,5.792,5.792,0.393,0.000,1.479,2.596,2.147,0.175,0.981,25.074,3.151,13.373,3,3,0.120,0.009,-0.322,No,p3m1
AsTeCl,0.609,6.200,6.200,0.426,0.000,1.289,2.203,1.824,1.104,0.468,,3.478,12.654,3,3,0.159,0.186,-0.145,No,p3m1
Sc2O2,0.640,9.789,9.789,0.414,0.000,0.700,1.355,1.194,2.167,2.346,,4.405,9.581,4,2,-0.000,0.249,-2.764,No,p-6m2
AsSI,0.466,6.914,6.914,0.411,0.000,1.336,2.356,1.950,1.761,0.258,25.189,3.240,12.795,3,3,-0.038,0.079,-0.108,No,p3m1
AsSI,0.355,7.065,7.065,0.442,0.000,0.222,1.095,0.810,0.505,0.308,,3.561,12.150,3,3,-0.007,0.271,0.084,No,p3m1
AsSeI,0.510,7.625,7.625,0.429,0.000,1.151,2.030,1.685,1.790,0.796,24.030,3.350,13.405,3,3,-0.003,0.019,-0.160,No,p3m1
AsSeI,0.355,7.374,7.374,0.461,0.000,0.446,1.300,1.052,0.709,0.294,14.282,3.665,12.675,3,3,0.029,0.193,0.014,No,p3m1
AsTeI,0.475,8.457,8.457,0.452,0.000,0.982,1.795,1.502,2.088,0.581,17.965,3.464,14.471,3,3,0.044,0.000,-0.124,No,p3m1
AsTeI,0.348,8.534,8.534,0.488,0.000,0.329,1.091,0.872,0.517,0.287,19.956,3.807,13.590,3,3,0.076,0.162,0.038,No,p3m1
W2O2,0.313,18.652,18.652,0.859,1.588,0.053,,0.132,0.805,0.656,,4.892,7.311,4,2,-0.000,0.503,-1.009,No,p-6m2
BiSBr,0.822,3.615,3.615,0.388,0.000,0.891,2.335,1.600,2.226,1.156,10.024,3.352,14.610,3,3,0.002,0.009,-0.557,No,p3m1
BiSBr,0.771,3.377,3.377,0.413,0.000,1.188,2.666,1.980,3.668,0.666,7.653,3.606,13.823,3,3,0.026,0.124,-0.442,No,p3m1
BiSeBr,0.714,4.082,4.082,0.406,0.000,0.733,2.010,1.363,1.763,0.992,13.232,3.461,15.194,3,3,0.030,0.000,-0.583,No,p3m1
BiSeBr,0.850,3.842,3.842,0.431,0.000,1.020,2.351,1.742,2.435,0.653,7.612,3.714,14.396,3,3,0.057,0.111,-0.471,No,p3m1
BiTeBr,0.491,4.855,4.855,0.427,0.000,0.591,1.690,1.159,1.408,0.690,12.035,3.565,16.337,3,3,0.070,0.000,-0.504,No,p3m1
BiTeBr,0.457,4.681,4.681,0.457,0.000,0.529,1.632,1.162,1.342,0.274,8.518,3.854,15.436,3,3,0.103,0.117,-0.387,No,p3m1
Pb2S2,0.571,6.010,6.009,0.404,0.000,1.162,2.225,1.806,0.143,0.240,413.648,2.821,17.994,4,2,0.000,0.054,-0.514,No,p4/nmm
BiSCl,0.918,3.008,3.008,0.386,0.000,1.430,2.980,2.271,4.075,1.018,7.915,3.456,13.490,3,3,0.052,0.130,-0.538,No,p3m1
Pb2S2,0.637,4.059,4.057,0.256,0.000,0.170,,0.673,0.401,0.326,,1.975,29.257,4,2,-0.000,0.325,-0.243,No,p4/nmm
Pb2S2,0.233,5.014,5.014,0.212,0.771,0.422,,0.093,1.252,0.153,,0.000,33.155,4,2,0.000,0.408,-0.160,No,p4/mmm
BiTeCl,0.464,4.416,4.416,0.397,0.000,0.599,1.736,1.198,1.391,0.378,12.588,3.377,16.040,3,3,0.087,0.010,-0.598,No,p3m1
BiTeCl,0.464,4.314,4.314,0.428,0.000,0.531,1.676,1.151,1.612,0.224,10.657,3.690,15.141,3,3,0.129,0.139,-0.468,No,p3m1
Pb2Se2,0.541,8.548,8.543,0.420,0.000,0.789,1.623,1.312,0.100,0.112,227.483,2.856,19.401,4,2,0.000,0.072,-0.510,No,p4/nmm
BiSeCl,0.731,3.627,3.627,0.377,0.000,0.851,2.202,1.509,1.136,1.190,11.332,3.286,14.887,3,3,0.050,0.000,-0.681,No,p3m1
BiSCl,0.788,3.157,3.157,0.359,0.000,1.002,2.527,1.745,2.947,1.607,14.798,3.186,14.333,3,3,0.024,0.010,-0.658,No,p3m1
Pb2Se2,0.269,6.887,6.887,0.219,1.453,0.478,,0.096,0.583,0.777,,0.000,35.674,4,2,-0.000,0.415,-0.167,No,p4/mmm
BiSeCl,0.897,3.483,3.483,0.403,0.000,1.235,2.612,1.992,3.481,0.903,8.184,3.557,14.057,3,3,0.084,0.119,-0.561,No,p3m1
Pb2Te2,0.442,12.150,12.139,0.455,0.000,0.445,1.246,0.878,0.079,0.080,126.133,3.338,21.527,4,2,-0.000,0.075,-0.346,No,p4/nmm
Pb2Te2,0.717,4.623,4.621,0.363,0.000,0.050,,0.385,0.574,0.014,,3.152,30.987,4,2,-0.000,0.260,-0.161,No,p4/nmm
Pb2Te2,0.322,10.140,10.140,0.235,0.000,0.271,,0.287,0.291,0.443,,0.000,40.158,4,2,-0.000,0.429,0.008,No,p4/mmm
BiSI,0.581,4.476,4.476,0.422,0.000,0.777,2.042,1.474,3.471,0.463,14.172,3.515,15.226,3,3,-0.034,0.014,-0.412,No,p3m1
BiSI,0.504,4.107,4.107,0.448,0.000,0.401,1.733,1.178,0.846,0.337,7.684,3.783,14.466,3,3,-0.012,0.140,-0.287,No,p3m1
BiSeI,0.674,4.964,4.964,0.440,0.000,0.607,1.772,1.216,1.694,2.504,10.952,3.642,15.808,3,3,-0.007,0.000,-0.443,No,p3m1
BiSeI,0.504,4.562,4.562,0.467,0.000,0.433,1.687,1.189,2.384,0.375,7.156,3.903,14.992,3,3,0.018,0.114,-0.328,No,p3m1
BiTeI,0.495,5.666,5.666,0.464,0.000,0.412,1.419,0.929,2.083,0.710,11.869,3.773,16.934,3,3,0.035,0.003,-0.371,No,p3m1
BiTeI,0.468,5.350,5.350,0.494,0.000,0.346,1.402,0.995,1.017,0.300,7.141,4.060,15.980,3,3,0.063,0.113,-0.261,No,p3m1
HfBrCl,0.845,4.764,4.764,0.379,0.000,0.832,1.926,1.361,0.753,0.377,0.345,3.573,10.189,3,3,0.020,0.018,-1.337,No,p3m1
TiBrCl,0.687,7.220,7.220,0.363,0.000,0.830,1.473,1.297,1.531,0.627,0.060,3.277,9.891,3,3,0.026,0.035,-1.326,No,p3m1
VBrCl,3.585,1.665,1.665,0.309,0.000,1.289,,3.751,1.223,5.556,0.770,2.781,12.173,3,3,0.014,0.011,-1.009,Yes,p3m1
ZrBrCl,0.873,5.460,5.460,0.380,0.000,0.912,1.878,1.397,0.929,0.434,0.175,3.532,10.537,3,3,0.022,0.010,-1.512,No,p3m1
Rh2Se2,0.321,24.385,24.385,0.610,0.000,0.101,0.310,0.337,0.286,0.518,,5.408,9.674,4,2,-0.000,0.164,-0.164,No,p-6m2
HfIBr,0.700,5.958,5.958,0.433,0.000,0.713,1.612,1.157,0.687,0.344,0.166,3.794,11.498,3,3,-0.023,0.089,-0.887,No,p3m1
TiIBr,0.498,8.876,8.876,0.413,0.000,0.679,1.198,1.037,1.367,0.590,0.058,3.503,11.429,3,3,-0.034,0.073,-0.877,No,p3m1
VIBr,2.937,2.230,2.230,0.359,0.000,1.188,,3.500,0.946,3.600,0.710,3.018,13.777,3,3,-0.028,0.020,-0.657,Yes,p3m1
Sc2S2,0.397,18.296,18.296,0.526,0.000,0.414,1.004,0.981,0.391,0.492,,5.542,12.308,4,2,0.000,0.627,-1.273,No,p-6m2
ZrIBr,0.760,6.654,6.654,0.432,0.000,0.774,1.590,1.174,0.895,0.415,0.079,3.762,11.874,3,3,-0.027,0.039,-1.086,No,p3m1
Si2S2,0.909,3.356,3.366,0.357,0.000,1.417,2.884,2.138,0.753,2.325,1.830,2.511,16.142,4,2,0.000,0.446,-0.056,No,pm2_1n
Sn2S2,0.589,5.209,5.306,0.407,0.000,1.414,2.503,1.987,0.197,0.259,11.691,2.864,17.575,4,2,-0.000,0.043,-0.415,No,pm2_1n
Sn2S2,0.343,5.678,5.678,0.219,1.844,0.067,,0.075,0.242,0.255,,0.000,31.089,4,2,-0.000,0.433,-0.025,No,p4/mmm
SbSBr,0.882,4.263,4.263,0.390,0.000,1.217,2.419,1.838,6.660,0.809,23.955,3.313,13.777,3,3,0.009,0.054,-0.415,No,p3m1
SbSBr,1.059,4.077,4.077,0.415,0.000,1.426,2.607,2.028,0.405,0.580,13.328,3.573,13.044,3,3,0.034,0.183,-0.287,No,p3m1
SbSeBr,0.762,4.780,4.780,0.407,0.000,1.069,2.164,1.649,5.305,0.825,19.506,3.418,14.388,3,3,0.038,0.000,-0.444,No,p3m1
SbSeBr,0.905,4.619,4.619,0.434,0.000,1.464,2.572,2.037,1.693,0.510,12.699,3.680,13.619,3,3,0.066,0.124,-0.320,No,p3m1
SbTeBr,0.553,5.594,5.594,0.427,0.000,1.052,2.070,1.615,inf,0.969,16.540,3.509,15.534,3,3,0.080,0.000,-0.377,No,p3m1
SbTeBr,0.574,5.606,5.606,0.459,0.000,1.319,2.253,1.819,0.645,0.508,15.506,3.817,14.635,3,3,0.111,0.130,-0.247,No,p3m1
Tl2S2,0.726,4.749,4.749,0.555,0.000,0.673,1.644,1.159,0.249,2.389,4.157,5.282,14.257,4,2,-0.000,0.119,-0.145,No,p-6m2
V2S2,0.393,24.184,24.184,0.436,0.000,0.214,0.366,0.642,3.478,0.737,,4.183,10.788,4,2,-0.000,0.534,-0.428,No,p-6m2
HfICl,0.739,5.558,5.558,0.408,0.000,0.814,1.783,1.295,0.787,0.411,0.301,3.670,11.085,3,3,-0.042,0.140,-1.032,No,p3m1
TiICl,0.562,8.451,8.451,0.390,0.000,0.745,1.383,1.187,1.746,0.717,0.155,3.386,10.926,3,3,-0.059,0.118,-1.015,No,p3m1
VICl,3.140,2.092,2.092,0.338,0.000,1.100,,3.537,0.272,3.572,0.821,2.904,13.181,3,3,-0.042,0.057,-0.775,Yes,p3m1
ZrICl,0.800,6.220,6.220,0.408,0.000,0.877,1.744,1.317,0.918,0.485,0.188,3.634,11.449,3,3,-0.049,0.080,-1.228,No,p3m1
Sc2Se2,0.400,19.243,19.243,0.567,0.000,0.400,0.851,0.933,0.421,0.537,,5.878,12.982,4,2,-0.000,0.548,-1.049,No,p-6m2
Sc2Te2,0.413,22.836,22.836,0.635,0.000,0.291,0.556,0.718,0.848,0.528,,6.350,14.408,4,2,-0.000,0.614,-0.565,No,p-6m2
Si2Se2,0.806,4.764,4.367,0.376,0.000,1.195,2.438,1.814,0.342,0.343,1.776,2.512,17.233,4,2,0.000,0.402,0.064,No,pm2_1n
Sn2Se2,0.444,9.349,9.726,0.415,0.000,0.923,1.629,1.345,0.126,0.134,25.835,2.759,18.898,4,2,-0.000,0.043,-0.389,No,pm2_1n
SbSCl,0.964,3.614,3.614,0.362,0.000,1.316,2.643,1.993,inf,1.055,,3.160,13.463,3,3,0.034,0.037,-0.511,No,p3m1
SbSCl,1.252,3.554,3.554,0.388,0.000,1.669,2.948,2.321,0.936,0.751,,3.427,12.700,3,3,0.063,0.169,-0.379,No,p3m1
Sn2Se2,0.305,8.229,8.229,0.223,3.467,0.084,,0.086,0.235,0.177,,0.000,33.748,4,2,-0.000,0.407,-0.025,No,p4/mmm
SbSeCl,0.791,4.134,4.134,0.378,0.000,1.172,2.404,1.804,1.199,0.993,22.005,3.248,14.080,3,3,0.063,0.004,-0.537,No,p3m1
SbSeCl,1.094,4.088,4.088,0.406,0.000,1.674,2.856,2.290,1.262,0.692,17.152,3.527,13.296,3,3,0.096,0.136,-0.405,No,p3m1
SbTeCl,0.569,4.932,4.932,0.397,0.000,1.255,2.382,1.866,0.179,1.140,19.518,3.320,15.237,3,3,0.101,0.000,-0.466,No,p3m1
SbTeCl,0.566,5.060,5.060,0.429,0.000,1.394,2.350,1.891,0.667,0.391,,3.648,14.360,3,3,0.141,0.145,-0.322,No,p3m1
CrSeS,0.508,9.618,9.618,0.889,0.000,0.782,1.294,1.241,0.939,0.922,0.938,3.049,8.479,3,3,-0.039,0.010,-0.569,No,p3m1
Tl2Se2,0.545,5.922,5.922,0.589,0.000,0.494,1.322,0.891,0.182,2.022,4.188,5.469,15.442,4,2,-0.000,0.076,-0.196,No,p-6m2
CrTeS,0.481,12.488,12.488,0.886,0.000,0.261,0.697,0.820,1.101,4.138,1.866,3.176,9.269,3,3,-0.080,0.161,-0.318,No,p3m1
CrTeSe,0.448,12.353,12.353,0.878,0.000,0.572,0.974,0.994,0.998,1.158,1.840,3.277,9.699,3,3,-0.042,0.111,-0.270,No,p3m1
V2Se2,0.510,21.029,21.029,0.458,0.000,0.257,0.572,0.788,3.157,0.760,,4.359,11.771,4,2,-0.000,0.420,-0.218,No,p-6m2
Zr2Se2,0.433,19.612,19.612,0.614,0.000,0.059,,0.355,0.506,1.974,0.002,5.971,11.197,4,2,0.000,0.484,-0.726,No,p-6m2
Si2Te2,0.484,22.632,29.586,0.423,0.000,0.388,0.772,0.550,0.158,0.049,,2.914,17.600,4,2,-0.000,0.289,0.251,No,pm2_1n
Sn2Te2,0.352,18.482,19.294,0.447,0.000,0.603,1.009,0.897,0.074,0.064,117.805,3.155,20.827,4,2,-0.000,0.063,-0.215,No,pm2_1n
Sn2Te2,0.284,12.961,12.961,0.245,3.983,0.028,,0.067,0.338,0.134,,0.000,38.075,4,2,0.000,0.435,0.157,No,p4/mmm
HfSeS,0.482,4.645,4.645,0.355,0.000,0.684,2.175,1.512,1.077,0.250,16.838,3.021,11.929,3,3,0.001,0.003,-1.471,No,p3m1
Ti2Te2,0.348,33.801,33.801,0.634,0.000,0.217,0.411,0.440,0.558,16.752,1.265,5.809,11.275,4,2,-0.000,0.610,-0.097,No,p-6m2
HfSeS,1.021,4.072,4.072,0.378,0.000,0.887,2.175,1.645,0.825,1.277,3.123,3.245,11.289,3,3,0.003,0.196,-1.278,No,p3m1
Tl2Te2,0.367,7.685,7.685,0.633,0.000,0.339,,0.681,0.107,1.011,3.910,5.667,17.623,4,2,0.000,0.137,-0.089,No,p-6m2
HfTeSe,0.486,8.354,8.354,0.427,0.000,0.142,0.738,0.637,0.592,0.520,4.310,3.520,12.438,3,3,0.006,0.149,-0.941,No,p3m1
V2Te2,0.535,22.823,22.823,0.505,0.000,0.224,0.547,0.774,3.588,0.747,,4.604,13.568,4,2,0.000,0.490,0.185,No,p-6m2
SbSI,0.752,5.461,5.461,0.420,0.000,1.219,2.260,1.782,2.452,0.721,24.210,3.451,14.440,3,3,-0.032,0.058,-0.278,No,p3m1
SbSI,0.424,5.107,5.107,0.449,0.000,0.794,1.809,1.455,0.760,0.361,12.590,3.741,13.697,3,3,-0.007,0.202,-0.135,No,p3m1
SbSeI,0.645,6.005,6.005,0.439,0.000,1.012,1.994,1.529,2.122,0.725,17.889,3.577,15.044,3,3,-0.003,0.019,-0.312,No,p3m1
SbSeI,0.473,5.677,5.677,0.469,0.000,1.007,1.968,1.592,0.722,0.373,10.552,3.861,14.228,3,3,0.024,0.149,-0.183,No,p3m1
SbTeI,0.494,6.768,6.768,0.463,0.000,0.838,1.676,1.322,2.548,1.069,14.124,3.705,16.148,3,3,0.041,0.000,-0.250,No,p3m1
SbTeI,0.386,6.662,6.662,0.496,0.000,1.011,1.778,1.442,2.760,0.347,10.206,4.012,15.195,3,3,0.068,0.123,-0.128,No,p3m1
Zr2Te2,0.360,22.830,22.830,0.678,0.000,0.452,0.738,0.652,0.347,55.827,0.194,6.315,12.170,4,2,0.000,0.624,-0.297,No,p-6m2
MoSeS,0.527,6.793,6.793,0.393,0.000,1.453,2.328,1.949,0.485,0.598,0.225,3.232,9.152,3,3,-0.038,0.009,-0.805,No,p3m1
MoTeS,0.509,8.328,8.328,0.422,0.000,0.992,1.988,1.585,0.647,23.005,0.794,3.373,9.795,3,3,-0.079,0.065,-0.546,No,p3m1
MoTeS,0.311,31.536,31.536,0.434,0.000,0.204,,0.233,0.385,0.622,,3.478,9.543,3,3,-0.069,0.223,-0.388,No,p3m1
MoTeSe,0.475,8.542,8.542,0.440,0.000,1.136,1.844,1.594,inf,0.603,0.746,3.476,10.208,3,3,-0.040,0.025,-0.479,No,p3m1
TiSeS,0.690,7.145,7.145,0.385,0.000,0.505,1.333,1.342,1.420,1.084,3.241,3.122,10.128,3,3,0.001,0.128,-1.096,No,p3m1
WSeS,0.507,6.096,6.096,0.393,0.000,1.402,2.314,1.911,0.419,0.368,0.101,3.251,9.159,3,3,-0.037,0.010,-0.724,No,p3m1
ZrSeS,0.443,5.578,5.578,0.365,0.000,0.613,2.206,1.514,0.582,0.246,20.973,3.025,12.097,3,3,0.003,0.000,-1.478,No,p3m1
ZrSeS,0.977,4.540,4.540,0.389,0.000,0.829,2.206,1.777,1.125,1.100,,3.251,11.454,3,3,0.006,0.163,-1.315,No,p3m1
WTeS,0.502,7.440,7.440,0.422,0.000,1.141,2.065,1.681,1.131,9.606,0.518,3.390,9.790,3,3,-0.076,0.086,-0.419,No,p3m1
WTeS,0.304,29.318,29.318,0.433,0.000,0.202,,0.205,0.408,0.522,,3.479,9.574,3,3,-0.064,0.266,-0.238,No,p3m1
ZrTeS,0.472,9.637,9.637,0.417,0.000,0.208,0.735,0.672,1.037,0.746,3.174,3.392,12.137,3,3,0.004,0.122,-1.120,No,p3m1
VTeSe,0.462,13.015,13.015,0.430,0.000,0.120,,0.831,0.736,4.493,0.165,3.342,10.444,3,3,-0.028,0.013,-0.502,Yes,p3m1
WTeSe,0.455,7.785,7.785,0.440,0.000,1.037,1.800,1.493,0.473,0.400,0.448,3.495,10.206,3,3,-0.038,0.042,-0.324,No,p3m1
ZrTeSe,0.471,9.115,9.115,0.436,0.000,0.262,0.895,0.783,0.738,0.709,4.051,3.532,12.572,3,3,0.009,0.115,-1.017,No,p3m1
BaBr2,1.850,0.874,0.874,0.293,0.000,4.902,,6.031,0.453,23.712,1.928,3.114,21.333,3,2,-0.000,0.056,-2.210,No,p-3m1
BaBr2,2.239,0.943,0.943,0.339,0.000,4.157,7.284,5.328,4.979,7.168,1.683,3.674,19.068,3,2,-0.000,0.167,-2.099,No,p-6m2
BaCl2,2.236,0.705,0.705,0.249,0.000,5.618,9.207,6.916,0.560,5.282,2.141,2.769,20.066,3,2,0.000,0.108,-2.503,No,p-3m1
BaCl2,2.588,0.773,0.773,0.293,0.000,4.747,8.184,6.099,11.034,13.360,1.692,3.384,17.799,3,2,-0.000,0.241,-2.370,No,p-6m2
BaI2,1.556,1.149,1.149,0.357,0.000,3.873,,4.874,0.971,0.994,2.012,3.572,23.344,3,2,-0.000,0.021,-1.816,No,p-3m1
BaI2,1.724,1.222,1.222,0.404,0.000,3.332,,4.274,3.955,3.823,1.667,4.089,20.978,3,2,-0.000,0.105,-1.732,No,p-6m2
CaBr2,1.980,0.968,0.968,0.314,0.000,4.863,8.458,6.286,1.085,0.952,1.768,3.121,16.003,3,2,0.000,0.000,-2.094,No,p-3m1
CaBr2,2.172,1.057,1.057,0.349,0.000,4.128,7.587,5.515,1.381,1.424,1.806,3.514,14.692,3,2,0.000,0.129,-1.965,No,p-6m2
CaCl2,2.563,0.748,0.748,0.267,0.000,5.784,9.883,7.441,1.259,5.519,1.637,2.804,14.826,3,2,0.000,0.010,-2.421,No,p-3m1
CaCl2,2.603,0.818,0.818,0.301,0.000,4.771,8.830,6.384,1.872,28.987,1.712,3.232,13.484,3,2,-0.000,0.164,-2.267,No,p-6m2
CaI2,1.514,1.346,1.346,0.381,0.000,3.537,6.920,4.812,0.741,0.572,1.863,3.537,17.919,3,2,0.000,0.000,-1.666,No,p-3m1
CaI2,1.593,1.434,1.434,0.414,0.000,2.946,5.912,4.063,0.977,0.706,2.052,3.898,16.657,3,2,-0.000,0.108,-1.559,No,p-6m2
CdBr2,1.282,1.510,1.510,0.346,0.000,3.069,5.484,4.159,0.390,0.799,3.293,3.133,14.290,3,2,-0.000,0.000,-0.903,No,p-3m1
CdBr2,1.123,1.667,1.667,0.379,0.000,2.369,4.648,3.373,0.356,0.811,,3.475,13.266,3,2,0.000,0.121,-0.782,No,p-6m2
CdCl2,1.718,1.118,1.118,0.298,0.000,3.868,6.723,5.176,0.484,1.454,2.584,2.876,13.170,3,2,-0.000,0.000,-1.117,No,p-3m1
CdCl2,1.618,1.252,1.252,0.332,0.000,3.098,5.816,4.344,0.451,6.140,,3.240,12.083,3,2,0.000,0.130,-0.988,No,p-6m2
CdI2,1.135,2.164,2.164,0.409,0.000,2.136,4.037,2.992,0.542,0.488,4.866,3.441,16.195,3,2,0.000,0.030,-0.600,No,p-3m1
CdI2,0.873,2.368,2.368,0.442,0.000,1.490,3.331,2.295,0.535,0.513,,3.787,15.275,3,2,-0.000,0.159,-0.471,No,p-6m2
CoBr2,2.211,3.569,3.569,0.377,0.000,0.348,1.401,3.528,3.417,13.344,,2.869,12.062,3,2,0.000,0.023,-0.338,Yes,p-3m1
CoCl2,2.383,3.061,3.061,0.338,0.000,0.351,,3.799,3.079,109.820,,2.663,10.836,3,2,0.000,0.021,-0.603,Yes,p-3m1
CrO2,0.776,5.946,5.946,0.967,0.000,0.416,1.230,1.144,0.870,1.421,0.131,2.337,6.011,3,2,0.000,0.168,-1.693,No,p-6m2
CrS2,0.534,8.562,8.562,0.906,0.000,0.877,1.448,1.351,0.873,0.884,0.661,2.948,8.043,3,2,-0.000,0.000,-0.673,No,p-6m2
CrSe2,0.479,10.309,10.309,0.881,0.000,0.685,1.165,1.128,0.917,0.950,1.120,3.148,8.925,3,2,-0.000,0.000,-0.486,No,p-6m2
CrTe2,0.433,13.546,13.546,0.876,0.000,0.453,0.812,0.869,0.816,0.819,2.252,3.412,10.429,3,2,-0.000,0.108,-0.106,No,p-6m2
FeBr2,0.505,8.765,8.765,0.426,0.000,0.263,0.759,0.145,0.882,0.835,0.100,3.286,11.049,3,2,-0.000,0.081,-0.383,Yes,p-6m2
FeCl2,0.584,6.667,6.667,0.387,0.000,0.351,0.921,0.071,0.838,0.806,0.267,3.079,9.804,3,2,-0.000,0.067,-0.674,Yes,p-6m2
FeI2,0.397,13.372,13.372,0.479,0.000,0.144,,0.020,0.697,0.696,,3.546,12.985,3,2,0.000,0.112,-0.008,Yes,p-6m2
GeBr2,1.338,2.485,2.485,0.367,0.000,2.301,4.130,3.154,0.311,1.242,,3.211,14.326,3,2,0.000,0.000,-0.608,No,p-3m1
GeBr2,1.455,2.440,2.440,0.399,0.000,2.536,4.288,3.333,1.185,0.776,,3.525,13.427,3,2,-0.000,0.112,-0.496,No,p-6m2
GeCl2,1.832,1.868,1.868,0.351,0.000,2.955,4.930,3.875,1.520,1.178,,3.278,12.408,3,2,0.000,0.118,-0.675,No,p-6m2
GeI2,0.916,3.614,3.614,0.427,0.000,1.954,3.348,2.668,0.251,1.435,21.031,3.490,16.016,3,2,-0.000,0.003,-0.360,No,p-3m1
GeO2,1.972,1.124,1.124,0.221,0.000,3.641,7.023,5.355,0.358,3.087,2.760,1.959,7.302,3,2,-0.000,0.078,-1.570,No,p-3m1
GeO2,1.966,1.560,1.560,0.252,0.000,1.457,5.108,2.945,0.309,5.960,,2.321,6.846,3,2,-0.000,0.639,-1.010,No,p-6m2
GeS2,0.784,3.966,3.966,0.361,0.000,0.729,2.266,1.405,0.359,0.524,5.604,2.794,10.269,3,2,0.000,0.123,-0.224,No,p-3m1
HfBr2,0.808,5.195,5.195,0.404,0.000,0.732,1.759,1.226,0.714,0.350,0.264,3.697,10.610,3,2,0.000,0.007,-1.157,No,p-6m2
HfCl2,0.914,4.367,4.367,0.355,0.000,0.908,2.092,1.471,0.780,0.376,0.398,3.460,9.715,3,2,-0.000,0.007,-1.540,No,p-6m2
HfI2,0.571,6.785,6.785,0.460,0.000,0.630,1.421,1.022,0.615,0.275,0.020,3.895,12.329,3,2,0.000,0.114,-0.674,No,p-6m2
HfO2,2.164,1.198,1.198,0.209,0.000,4.777,7.939,6.593,1.713,1.827,7.049,1.945,9.172,3,2,-0.000,0.214,-3.303,No,p-3m1
HfO2,2.198,1.355,1.355,0.232,0.000,1.928,4.700,3.726,1.540,4.421,,2.337,8.442,3,2,-0.000,0.770,-2.747,No,p-6m2
HfS2,0.731,3.604,3.604,0.335,0.000,1.221,2.938,2.148,0.728,0.314,14.509,2.896,11.551,3,2,-0.000,0.000,-1.592,No,p-3m1
HfS2,1.290,3.155,3.155,0.359,0.000,1.061,2.826,2.038,0.947,1.454,,3.138,10.871,3,2,-0.000,0.217,-1.375,No,p-6m2
HfSe2,0.399,5.381,5.381,0.375,0.000,0.427,1.788,1.219,0.613,0.199,22.093,3.152,12.326,3,2,-0.000,0.000,-1.349,No,p-3m1
HfSe2,0.946,4.380,4.380,0.398,0.000,0.812,2.115,1.626,0.753,1.273,3.289,3.365,11.708,3,2,-0.000,0.174,-1.175,No,p-6m2
HfTe2,0.439,8.701,8.701,0.456,0.000,0.132,0.809,0.665,0.527,0.585,4.584,3.699,13.235,3,2,-0.000,0.133,-0.698,No,p-6m2
HgBr2,1.216,1.994,1.994,0.361,0.000,1.982,3.786,2.928,0.466,0.790,,3.179,14.867,3,2,0.000,0.038,-0.493,No,p-3m1
HgBr2,1.034,2.302,2.302,0.396,0.000,1.573,3.299,2.459,0.381,0.892,,3.542,13.688,3,2,0.000,0.138,-0.393,No,p-6m2
HgCl2,1.565,1.492,1.492,0.312,0.000,2.447,4.618,3.599,0.583,1.282,,2.919,13.815,3,2,0.000,0.026,-0.630,No,p-3m1
HgCl2,1.464,1.723,1.723,0.350,0.000,2.084,4.190,3.201,0.487,7.103,,3.315,12.528,3,2,0.000,0.131,-0.526,No,p-6m2
HgI2,0.980,2.891,2.891,0.424,0.000,1.199,2.594,1.919,0.607,0.473,,3.487,16.668,3,2,-0.000,0.077,-0.280,No,p-3m1
HgI2,0.796,3.349,3.349,0.458,0.000,0.704,2.069,1.370,0.544,0.561,,3.836,15.664,3,2,-0.000,0.189,-0.168,No,p-6m2
MgBr2,1.242,1.115,1.115,0.328,0.000,4.588,7.716,5.744,0.331,0.765,2.253,3.014,13.061,3,2,-0.000,0.000,-1.532,No,p-3m1
MgBr2,1.233,1.233,1.233,0.357,0.000,3.570,6.502,4.662,0.330,0.664,,3.346,12.331,3,2,-0.000,0.169,-1.363,No,p-6m2
MgCl2,1.860,0.811,0.811,0.281,0.000,5.941,9.599,7.294,0.413,1.166,1.806,2.746,11.683,3,2,-0.000,0.000,-1.887,No,p-3m1
MgCl2,1.793,0.908,0.908,0.308,0.000,4.762,8.210,6.063,0.423,1.070,,3.080,10.960,3,2,0.000,0.190,-1.697,No,p-6m2
MgI2,1.098,1.637,1.637,0.391,0.000,3.273,5.744,4.201,0.449,0.496,2.908,3.349,15.330,3,2,0.000,0.001,-1.080,No,p-3m1
MgI2,0.918,1.766,1.766,0.423,0.000,2.566,4.921,3.448,0.572,0.452,,3.697,14.580,3,2,-0.000,0.160,-0.921,No,p-6m2
MnBr2,0.109,1.555,1.555,0.340,0.000,1.477,3.797,4.289,1.706,0.759,,3.021,13.108,3,2,0.000,0.000,-0.783,Yes,p-3m1
MnBr2,0.586,1.651,1.651,0.370,0.000,1.588,,,3.745,3.202,,3.348,12.166,3,2,0.000,0.129,-0.654,Yes,p-6m2
MnCl2,0.064,1.155,1.155,0.293,0.000,1.797,5.398,4.836,1.876,1.311,,2.767,11.987,3,2,-0.000,0.000,-1.060,Yes,p-3m1
MnCl2,0.589,1.253,1.253,0.324,0.000,1.713,,,4.284,4.518,,3.114,10.976,3,2,-0.000,0.136,-0.924,Yes,p-6m2
MnI2,0.196,2.264,2.264,0.399,0.000,0.877,,3.311,1.492,0.436,,3.299,15.028,3,2,0.000,0.000,-0.419,Yes,p-3m1
MnI2,0.555,2.344,2.344,0.431,0.000,1.048,,,2.702,1.145,,3.644,14.106,3,2,0.000,0.135,-0.285,Yes,p-6m2
MnO2,0.778,2.594,2.594,0.223,0.000,1.132,3.192,4.137,0.896,9.531,5.472,1.920,7.254,3,2,-0.000,0.018,-1.642,Yes,p-3m1
MoO2,0.788,4.012,4.012,0.247,0.000,0.912,2.317,1.651,0.419,0.763,0.787,2.450,6.889,3,2,-0.000,0.028,-1.979,No,p-6m2
MoS2,0.547,6.192,6.192,0.374,0.000,1.580,2.533,2.087,0.427,0.530,0.096,3.127,8.780,3,2,0.000,0.000,-0.921,No,p-6m2
MoSe2,0.500,7.280,7.280,0.412,0.000,1.321,2.119,1.804,0.492,0.585,0.300,3.338,9.544,3,2,-0.000,0.000,-0.708,No,p-6m2
MoTe2,0.455,9.468,9.468,0.467,0.000,0.932,1.563,1.370,0.472,0.579,1.032,3.610,10.898,3,2,-0.000,0.000,-0.301,No,p-6m2
NiBr2,2.414,2.484,2.484,0.345,0.000,0.876,2.611,3.317,1.159,2.233,1.031,2.808,11.850,3,2,0.000,0.000,-0.407,Yes,p-3m1
NiCl2,3.350,1.832,1.832,0.302,0.000,1.219,3.413,4.082,1.402,2.229,1.080,2.617,10.623,3,2,-0.000,0.000,-0.641,Yes,p-3m1
NiO2,1.212,4.467,4.467,0.248,0.000,1.281,2.346,3.311,0.948,13.578,1.231,1.899,6.983,3,2,-0.000,0.000,-0.709,No,p-3m1
NiS2,0.450,10.609,10.609,0.355,0.000,0.583,1.868,1.002,0.326,0.838,0.356,2.351,9.740,3,2,0.000,0.049,-0.252,No,p-3m1
OsBr2,1.235,3.701,3.701,0.325,0.000,1.157,2.463,2.424,0.738,2.013,,2.525,12.692,3,2,0.000,0.402,0.354,No,p-3m1
OsCl2,1.473,3.028,3.028,0.283,0.000,1.330,2.881,2.714,0.952,2.672,0.064,2.330,11.504,3,2,-0.000,0.500,0.163,No,p-3m1
OsI2,0.869,4.744,4.744,0.385,0.000,1.100,2.235,2.209,0.529,1.933,,2.733,14.244,3,2,0.000,0.438,0.438,No,p-3m1
AlAs,0.966,2.593,2.593,0.229,0.000,1.237,2.986,2.028,0.133,0.726,,0.000,14.544,2,2,-0.000,0.522,0.039,No,p-6m2
AlN,1.750,0.849,0.849,0.196,0.000,2.893,,4.048,0.509,0.882,0.505,0.000,8.509,2,2,-0.000,0.512,-0.865,No,p-6m2
AlSb,0.787,4.005,4.005,0.258,0.000,1.507,2.558,1.996,inf,0.827,,0.621,16.717,2,2,-0.060,0.475,0.297,No,p3m1
OsO2,-0.001,9.274,9.274,0.223,3.732,0.265,,,2.919,1.280,,2.013,8.090,3,2,0.000,0.348,-0.627,Yes,p-3m1
GaAs,0.398,4.163,4.163,0.236,0.000,1.119,2.490,1.719,inf,0.632,0.873,0.602,14.285,2,2,-0.063,0.413,0.064,No,p3m1
InAs,0.359,4.917,4.917,0.247,0.000,0.691,1.687,1.234,1.160,0.123,1.067,0.657,16.404,2,2,-0.084,0.400,0.145,No,p3m1
BN,2.001,0.960,0.960,0.152,0.000,4.667,7.117,5.675,0.934,0.642,0.477,0.000,5.457,2,2,-0.000,0.000,-1.292,No,p-6m2
BP,0.494,4.832,4.832,0.196,0.000,0.898,1.802,1.362,0.189,0.178,0.146,0.000,8.956,2,2,-0.000,0.382,-0.029,No,p-6m2
BSb,0.300,11.852,11.852,0.228,0.000,0.314,0.635,0.551,0.071,0.070,,0.000,12.002,2,2,-0.000,0.806,0.806,No,p-6m2
PbBr2,1.186,1.871,1.871,0.355,0.000,2.004,4.207,2.926,0.335,2.376,12.406,3.329,17.437,3,2,-0.000,0.000,-0.965,No,p-3m1
PbBr2,1.561,1.873,1.873,0.392,0.000,2.275,4.436,3.248,0.630,1.325,5.548,3.683,16.072,3,2,-0.000,0.082,-0.883,No,p-6m2
PbCl2,1.632,1.409,1.409,0.301,0.000,2.367,4.928,3.406,0.533,1.880,14.271,2.977,16.709,3,2,-0.000,0.010,-1.168,No,p-3m1
PbCl2,1.819,1.457,1.457,0.341,0.000,2.775,5.249,3.856,0.736,3.020,5.744,3.401,15.132,3,2,-0.000,0.105,-1.073,No,p-6m2
PbI2,0.748,2.657,2.657,0.427,0.000,1.499,3.224,2.300,0.307,2.727,10.575,3.735,18.807,3,2,-0.000,0.000,-0.692,No,p-3m1
PbI2,0.762,2.598,2.598,0.461,0.000,1.577,3.338,2.404,0.400,0.669,5.273,4.062,17.556,3,2,-0.000,0.078,-0.614,No,p-6m2
PbO2,1.194,1.952,1.952,0.238,0.000,1.346,2.995,2.341,0.463,13.424,3.388,2.117,10.024,3,2,-0.000,0.094,-0.804,No,p-3m1
GaN,1.121,1.373,1.373,0.192,0.000,1.877,4.465,3.090,0.228,1.190,0.661,0.000,9.252,2,2,-0.000,0.416,-0.003,No,p-6m2
GaP,0.908,3.004,3.004,0.224,0.000,1.583,3.273,2.369,inf,0.674,0.766,0.439,13.345,2,2,-0.065,0.447,0.053,No,p3m1
PbS2,0.817,4.619,4.619,0.379,0.000,0.755,1.763,1.321,0.521,1.155,7.858,3.084,12.823,3,2,-0.000,0.374,-0.004,No,p-3m1
PbS2,1.307,2.026,2.026,0.275,0.000,1.390,,2.299,0.365,0.778,2.948,2.150,19.352,3,2,0.000,0.191,-0.187,No,p-6m2
PbSe2,1.157,2.478,2.478,0.309,0.000,1.027,,1.847,0.286,0.372,3.207,2.426,20.603,3,2,0.000,0.180,-0.209,No,p-6m2
PbSe2,0.529,7.865,7.865,0.419,0.000,0.082,0.389,0.439,0.542,0.419,9.131,3.338,13.851,3,2,-0.000,0.347,-0.041,No,p-3m1
HgO,0.327,46.069,46.069,0.170,0.895,0.302,,0.025,1.771,0.445,,0.000,12.284,2,2,-0.000,0.211,-0.145,No,p-6m2
InN,0.517,3.823,3.823,0.211,0.000,0.616,1.914,1.565,0.101,1.721,,0.000,11.070,2,2,-0.000,0.482,0.482,No,p-6m2
InP,0.476,3.498,3.498,0.236,0.000,1.099,2.300,1.774,0.094,0.795,0.947,0.495,15.388,2,2,-0.084,0.432,0.187,No,p3m1
InSb,0.298,6.258,6.258,0.265,0.000,0.475,1.307,0.945,1.769,0.091,,0.757,18.834,2,2,-0.071,0.379,0.238,No,p3m1
PdBr2,0.878,3.158,3.158,0.355,0.000,0.198,,1.525,0.825,2.026,1.081,2.907,13.199,3,2,0.000,0.148,-0.226,Yes,p-3m1
PdCl2,1.559,2.382,2.382,0.311,0.000,0.463,2.512,2.086,1.249,2.283,1.200,2.719,12.058,3,2,-0.000,0.166,-0.350,Yes,p-3m1
PdO2,1.278,3.767,3.767,0.240,0.000,1.379,2.903,2.875,1.600,inf,1.468,1.958,8.289,3,2,0.000,0.000,-0.399,No,p-3m1
PdS2,0.593,7.544,7.544,0.357,0.000,1.171,2.441,1.681,0.345,2.656,0.837,2.490,10.935,3,2,0.000,0.101,-0.196,No,p-3m1
PdSe2,0.398,10.799,10.799,0.387,0.000,0.558,1.615,0.906,0.265,0.709,0.717,2.626,12.080,3,2,0.000,0.026,-0.265,No,p-3m1
PdSe2,0.274,40.089,40.089,1.295,1.177,0.229,,0.266,1.128,0.294,1444.760,2.396,13.864,3,2,-0.000,0.268,-0.023,No,p-6m2
Ag2Br2,1.458,1.464,1.464,0.352,0.000,1.834,,3.092,0.529,1.332,4.115,3.399,19.457,4,2,-0.000,0.017,-0.331,No,p4/nmm
PtBr2,0.694,2.961,2.961,0.349,0.000,0.152,,1.352,0.920,1.601,1.003,2.822,13.539,3,2,0.000,0.293,0.024,Yes,p-3m1
PtCl2,1.319,2.284,2.284,0.305,0.000,0.403,2.370,1.864,1.369,1.408,1.124,2.632,12.434,3,2,-0.000,0.358,-0.067,Yes,p-3m1
Ag2Cl2,1.744,1.129,1.129,0.283,0.000,2.000,,3.462,0.591,2.991,,2.910,20.044,4,2,-0.000,0.048,-0.391,No,p4/nmm
Ag2F2,2.370,0.762,0.762,0.152,0.000,0.555,,2.475,0.484,2.615,,0.654,22.028,4,2,-0.000,0.101,-0.913,No,p4/nmm
PtO2,1.503,2.803,2.803,0.229,0.000,1.674,3.593,3.150,2.182,8.206,1.037,1.886,8.581,3,2,-0.000,0.006,-0.549,No,p-3m1
PtS2,0.714,5.335,5.335,0.352,0.000,1.688,2.945,2.488,0.267,1.068,0.511,2.464,11.060,3,2,-0.000,0.000,-0.394,No,p-3m1
Ag2I2,1.082,1.879,1.879,0.415,0.000,1.874,,2.922,0.395,0.691,,3.699,20.502,4,2,-0.000,0.016,-0.253,No,p4/nmm
Ag2O2,1.179,4.433,2.890,0.187,0.000,0.164,,1.126,0.723,1.075,1.068,1.219,19.139,4,2,-0.000,0.058,-0.046,No,p2/m11
PtSe2,0.511,7.068,7.068,0.385,0.000,1.167,2.381,1.636,0.327,3.028,0.410,2.620,12.167,3,2,-0.000,0.000,-0.413,No,p-3m1
Ag2S2,1.187,4.557,2.091,0.284,0.000,0.962,,1.557,0.986,1.711,0.649,2.441,21.780,4,2,-0.000,0.120,0.063,No,p2/m11
PtTe2,0.347,10.575,10.575,0.428,0.000,0.303,1.242,0.599,0.210,0.388,0.183,2.774,13.966,3,2,0.000,0.027,-0.392,No,p-3m1
Ag2Se2,1.091,5.917,2.100,0.322,0.000,0.750,,1.179,0.872,1.009,0.571,2.760,22.760,4,2,0.000,0.089,0.022,No,p2/m11
Ag2Te2,0.940,7.954,2.155,0.362,0.000,0.477,,0.756,0.814,0.819,0.374,2.966,25.763,4,2,0.000,0.110,0.059,No,p2/m11
Al2O2,0.787,3.589,3.589,0.365,0.000,1.315,2.568,1.849,0.612,0.395,1.473,3.959,7.671,4,2,-0.000,0.237,-2.258,No,p-6m2
Al2S2,1.330,3.104,3.104,0.482,0.000,2.085,3.774,2.881,0.621,3.088,1.688,4.737,11.124,4,2,0.000,0.006,-0.886,No,p-6m2
Al2Se2,1.096,3.631,3.631,0.517,0.000,1.997,3.537,2.721,0.727,3.090,1.738,4.923,12.359,4,2,0.000,0.000,-0.717,No,p-6m2
Al2Te2,0.799,4.607,4.607,0.565,0.000,1.748,3.016,2.363,0.615,3.318,1.527,5.133,14.667,4,2,-0.000,0.000,-0.376,No,p-6m2
RuBr2,1.353,3.914,3.914,0.336,0.000,1.045,2.403,2.542,0.798,3.250,0.171,2.634,12.377,3,2,0.000,0.187,-0.101,No,p-3m1
RuBr2,0.321,5.885,5.885,0.395,0.000,0.278,,,0.676,2.455,,3.482,11.540,3,2,0.000,0.558,0.270,Yes,p-6m2
RuCl2,1.663,3.172,3.172,0.293,0.000,1.181,2.624,2.824,1.046,5.174,0.259,2.455,11.181,3,2,-0.000,0.206,-0.300,No,p-3m1
RuCl2,0.407,4.806,4.806,0.353,0.000,0.463,1.291,0.908,0.772,3.906,0.210,3.297,10.413,3,2,-0.000,0.565,0.058,Yes,p-6m2
RuI2,0.994,5.028,5.028,0.393,0.000,1.022,1.988,2.303,0.519,4.160,0.032,2.810,14.040,3,2,-0.000,0.102,0.037,No,p-3m1
Au2I2,0.692,3.519,3.519,0.500,0.000,0.781,,1.592,0.380,0.454,,4.138,17.870,4,2,-0.000,0.163,0.065,No,p4/nmm
Au2O2,0.760,5.409,2.925,0.204,0.000,0.174,0.970,0.865,1.207,0.832,1.035,1.475,18.967,4,2,0.000,0.007,-0.010,No,p2/m11
Au2S2,1.039,3.452,2.500,0.276,0.000,1.216,,2.010,1.039,0.961,0.496,2.314,22.261,4,2,0.000,0.000,-0.091,No,p2/m11
Au2Se2,0.965,4.169,2.573,0.308,0.000,0.956,,1.561,0.703,0.760,0.431,2.592,23.606,4,2,0.000,0.007,-0.116,No,p2/m11
Au2Te2,0.863,5.309,2.695,0.345,0.000,0.618,,1.067,inf,0.514,0.292,2.792,26.609,4,2,0.000,0.000,-0.105,No,p2/m11
Au2Te2,0.252,302.746,302.746,0.453,3.847,0.037,,0.078,0.497,0.918,948.030,3.081,18.983,4,2,0.000,0.139,0.034,No,p-6m2
ScBr2,0.780,4.181,4.181,0.376,0.000,0.157,,0.757,1.697,1.994,0.802,3.501,11.820,3,2,-0.000,0.000,-1.588,Yes,p-6m2
ScCl2,0.865,3.525,3.525,0.329,0.000,0.107,,0.736,2.087,1.412,0.966,3.247,10.719,3,2,-0.000,0.009,-1.934,Yes,p-6m2
Bi2O2,0.608,4.054,4.054,0.466,0.000,0.120,1.186,1.042,0.063,1.747,2.875,3.409,13.693,4,2,0.000,0.319,-0.715,No,p-6m2
ScO2,3.810,1.026,1.026,0.232,0.000,1.464,4.421,3.769,3.047,9.439,1.606,2.071,8.965,3,2,0.000,0.586,-2.427,Yes,p-6m2
ScS2,1.316,2.049,2.049,0.339,0.000,0.718,2.744,1.890,4.172,4.641,1.249,2.720,12.425,3,2,-0.000,0.395,-1.234,Yes,p-6m2
ScSe2,1.057,2.614,2.614,0.376,0.000,0.560,,1.490,3.792,3.736,1.154,2.933,13.481,3,2,0.000,0.126,-1.126,Yes,p-6m2
Cs2Br2,1.638,0.460,0.460,0.177,0.000,4.080,,5.145,0.601,10.103,,1.231,49.370,4,2,-0.000,0.138,-1.687,No,p4/nmm
Cu2Br2,1.271,1.812,1.812,0.375,0.000,1.496,3.318,3.475,0.408,1.225,7.013,3.283,14.970,4,2,-0.000,0.030,-0.274,No,p4/nmm
SnBr2,1.423,2.119,2.119,0.364,0.000,2.097,4.003,2.867,0.357,2.081,,3.325,16.672,3,2,-0.000,0.000,-0.797,No,p-3m1
SnBr2,1.575,2.130,2.130,0.398,0.000,2.499,4.268,3.220,1.370,1.150,,3.668,15.430,3,2,0.000,0.086,-0.712,No,p-6m2
SnCl2,1.923,1.598,1.598,0.310,0.000,2.324,4.553,3.184,0.461,1.699,,2.989,15.894,3,2,-0.000,0.021,-0.991,No,p-3m1
SnCl2,1.879,1.664,1.664,0.348,0.000,2.745,4.772,3.537,1.530,2.962,,3.389,14.457,3,2,-0.000,0.117,-0.895,No,p-6m2
K2Br2,2.112,0.403,0.403,0.177,0.000,4.374,,5.470,0.578,11.264,0.681,1.461,39.679,4,2,0.000,0.144,-1.647,No,p4/nmm
SnI2,0.946,3.031,3.031,0.431,0.000,1.837,3.312,2.490,0.287,1.345,16.096,3.692,18.133,3,2,0.000,0.000,-0.539,No,p-3m1
SnI2,1.161,2.989,2.989,0.466,0.000,1.926,3.332,2.504,0.827,0.625,8.305,4.028,16.916,3,2,0.000,0.085,-0.454,No,p-6m2
SnO2,1.823,1.232,1.232,0.228,0.000,2.683,5.444,4.204,0.366,3.740,2.260,2.018,8.977,3,2,0.000,0.151,-1.548,No,p-3m1
SnO2,1.650,1.841,1.841,0.262,0.000,0.665,2.871,1.956,0.307,7.140,,2.455,8.291,3,2,0.000,0.645,-1.054,No,p-6m2
SnS2,1.010,3.168,3.168,0.367,0.000,1.587,3.150,2.361,0.445,0.751,4.365,2.955,11.830,3,2,-0.000,0.000,-0.402,No,p-3m1
SnS2,1.141,3.561,3.561,0.394,0.000,0.763,2.288,1.455,0.442,0.571,,3.228,11.288,3,2,0.000,0.286,-0.115,No,p-6m2
SnSe2,0.712,4.615,4.615,0.406,0.000,0.762,1.912,1.333,0.402,0.489,5.021,3.186,12.936,3,2,-0.000,0.000,-0.347,No,p-3m1
SrBr2,1.656,0.869,0.869,0.301,0.000,4.929,8.309,6.062,0.403,24.402,1.648,3.131,18.421,3,2,0.000,0.017,-2.155,No,p-3m1
Rb2Br2,1.919,0.416,0.416,0.175,0.000,4.180,,5.268,0.566,inf,0.743,1.386,44.025,4,2,-0.000,0.142,-1.646,No,p4/nmm
SrBr2,2.208,0.939,0.939,0.341,0.000,4.313,7.482,5.386,0.423,8.344,1.604,3.606,16.681,3,2,0.000,0.140,-2.033,No,p-6m2
SrCl2,2.057,0.675,0.675,0.254,0.000,5.738,9.502,7.047,0.494,5.573,1.553,2.793,17.248,3,2,0.000,0.046,-2.468,No,p-3m1
SrCl2,2.631,0.738,0.738,0.293,0.000,4.944,8.483,6.202,0.536,13.901,1.544,3.312,15.454,3,2,0.000,0.194,-2.320,No,p-6m2
SrI2,1.317,1.175,1.175,0.368,0.000,3.984,,5.007,0.792,0.741,1.746,3.591,20.278,3,2,0.000,0.000,-1.742,No,p-3m1
SrI2,1.691,1.260,1.260,0.406,0.000,3.418,6.198,4.355,1.150,1.319,1.664,4.006,18.610,3,2,-0.000,0.096,-1.646,No,p-6m2
